tpep_pickup_datetime,total_pickups,avg_duration_minutes,avg_distance_miles,avg_fare_amount,avg_total_amount,avg_speed_mph,hour_of_day,day_of_week,is_weekend
2023-01-01 00:00:00,4808,14.8830595,3.3303888,18.621582,27.105661,12.807342,0,6,1
2023-01-01 01:00:00,5017,14.492435,3.1852143,17.989498,26.427958,12.745664,1,6,1
2023-01-01 02:00:00,4382,13.35213,3.2060976,17.34627,25.658936,13.776008,2,6,1
2023-01-01 03:00:00,3317,13.032398,3.3805487,17.836658,26.106468,14.614969,3,6,1
2023-01-01 04:00:00,2125,13.232863,3.8337975,19.4612,27.84175,15.86773,4,6,1
2023-01-01 05:00:00,968,14.127514,5.096591,24.259298,33.0803,18.745941,5,6,1
2023-01-01 06:00:00,761,14.751642,6.530105,28.664864,38.13904,22.623901,6,6,1
2023-01-01 07:00:00,914,13.824891,6.3760614,28.08455,37.141598,23.179832,7,6,1
2023-01-01 08:00:00,1039,13.434585,6.0701637,26.935833,36.190964,22.55372,8,6,1
2023-01-01 09:00:00,1514,11.923734,4.6117306,21.45304,29.708117,19.265787,9,6,1
2023-01-01 10:00:00,2488,12.477867,4.872701,22.721382,31.600784,19.352783,10,6,1
2023-01-01 11:00:00,3032,12.472427,4.1412334,20.481134,28.603912,16.78236,11,6,1
2023-01-01 12:00:00,3497,13.1970215,4.171773,21.003231,29.353065,16.125618,12,6,1
2023-01-01 13:00:00,3723,14.394395,4.323567,21.873508,30.36928,15.243573,13,6,1
2023-01-01 14:00:00,3964,16.820812,4.768781,23.792248,32.815014,14.443829,14,6,1
2023-01-01 15:00:00,4018,17.431507,4.7650623,23.816694,32.82435,13.924258,15,6,1
2023-01-01 16:00:00,3958,18.632113,4.744214,24.352266,33.405483,13.12709,16,6,1
2023-01-01 17:00:00,3854,18.022799,4.5387077,23.285519,32.368668,13.164208,17,6,1
2023-01-01 18:00:00,3481,17.091549,4.3818526,22.807354,31.756052,13.658011,18,6,1
2023-01-01 19:00:00,3249,16.694973,4.6543646,23.174547,32.068626,14.570196,19,6,1
2023-01-01 20:00:00,2717,15.6557,4.5196285,22.556868,32.24671,15.063574,20,6,1
2023-01-01 21:00:00,2616,15.04073,4.691479,22.536123,32.28256,15.859243,21,6,1
2023-01-01 22:00:00,2477,15.704063,6.0050225,26.667522,37.46029,19.266478,22,6,1
2023-01-01 23:00:00,1910,15.267085,6.251471,27.586334,37.996727,20.61713,23,6,1
2023-01-02 00:00:00,1196,13.945429,5.7951,25.384363,35.566486,21.01479,0,0,0
2023-01-02 01:00:00,704,12.967471,5.2691336,23.437897,32.855186,20.448055,1,0,0
2023-01-02 02:00:00,403,11.795616,4.255881,20.41737,28.714962,18.66268,2,0,0
2023-01-02 03:00:00,345,13.337198,5.9653916,26.623478,37.035393,22.119455,3,0,0
2023-01-02 04:00:00,301,14.1710415,6.1685715,27.917608,38.420033,22.042446,4,0,0
2023-01-02 05:00:00,346,17.119364,8.247023,36.06445,48.039425,25.322636,5,0,0
2023-01-02 06:00:00,719,16.925476,8.39,35.912518,47.799805,25.564428,6,0,0
2023-01-02 07:00:00,1073,13.969494,6.3947625,27.971481,37.583904,22.752773,7,0,0
2023-01-02 08:00:00,1429,12.884582,5.2753325,24.007158,33.162647,20.251883,8,0,0
2023-01-02 09:00:00,2191,12.547589,4.827576,22.541761,31.575115,19.02479,9,0,0
2023-01-02 10:00:00,2943,12.231736,4.2578936,20.235886,28.88363,17.30895,10,0,0
2023-01-02 11:00:00,3467,12.694977,4.0122123,19.874157,28.088724,15.696419,11,0,0
2023-01-02 12:00:00,4066,12.620213,3.6635883,18.801163,26.65512,14.468138,12,0,0
2023-01-02 13:00:00,4559,13.890422,4.040318,20.313437,28.761496,14.236228,13,0,0
2023-01-02 14:00:00,4888,16.352703,4.5013647,22.36486,30.988962,13.529883,14,0,0
2023-01-02 15:00:00,4966,16.779306,4.396414,22.17361,31.015673,13.181694,15,0,0
2023-01-02 16:00:00,4794,16.776136,4.4095035,22.199335,31.36733,13.166877,16,0,0
2023-01-02 17:00:00,4767,16.109198,4.21468,21.570395,30.741064,13.237891,17,0,0
2023-01-02 18:00:00,4094,14.617314,4.064436,20.469883,29.41386,13.971295,18,0,0
2023-01-02 19:00:00,3708,14.33608,4.5132337,21.693394,31.416578,15.921522,19,0,0
2023-01-02 20:00:00,3401,14.465275,4.947965,22.972437,33.00812,16.613977,20,0,0
2023-01-02 21:00:00,3095,14.044669,4.861722,22.550533,32.32413,16.774803,21,0,0
2023-01-02 22:00:00,2591,14.763489,5.7249093,25.2313,35.274223,18.598442,22,0,0
2023-01-02 23:00:00,1717,15.190332,6.645434,28.694525,39.866535,21.980618,23,0,0
2023-01-03 00:00:00,1225,15.656014,7.465208,31.065798,43.114296,24.87389,0,1,0
2023-01-03 01:00:00,700,16.474524,8.251157,34.311714,46.41523,25.844624,1,1,0
2023-01-03 02:00:00,372,14.12724,6.6472044,29.320698,38.953495,24.054415,2,1,0
2023-01-03 03:00:00,270,15.881604,7.6621113,34.18722,45.38752,24.980778,3,1,0
2023-01-03 04:00:00,228,16.199268,7.4372807,33.44101,44.192806,24.453232,4,1,0
2023-01-03 05:00:00,598,15.172269,6.100468,26.87224,36.56196,20.20162,5,1,0
2023-01-03 06:00:00,1684,16.547476,5.0389547,23.323694,31.623901,15.621496,6,1,0
2023-01-03 07:00:00,3060,14.184624,3.3593235,17.67755,25.073864,12.533306,7,1,0
2023-01-03 08:00:00,4108,15.246307,3.411721,18.696009,26.54767,11.394749,8,1,0
2023-01-03 09:00:00,4255,14.50575,3.498188,18.639414,26.755196,12.0515375,9,1,0
2023-01-03 10:00:00,5017,14.815408,3.1977577,17.959991,25.67321,10.700058,10,1,0
2023-01-03 11:00:00,5096,15.385005,3.0226707,17.853336,25.432728,10.0095415,11,1,0
2023-01-03 12:00:00,4829,14.535069,3.0391884,17.552145,25.077404,10.536582,12,1,0
2023-01-03 13:00:00,4993,15.9756565,3.6481593,19.834978,27.96303,11.356243,13,1,0
2023-01-03 14:00:00,5279,17.604404,4.0343056,21.322405,29.615324,11.220079,14,1,0
2023-01-03 15:00:00,5394,17.481453,3.860443,20.827301,29.176666,10.871362,15,1,0
2023-01-03 16:00:00,5303,17.402319,4.069087,21.23893,32.559677,11.516611,16,1,0
2023-01-03 17:00:00,5629,15.412136,3.5465145,18.974152,29.816442,11.465408,17,1,0
2023-01-03 18:00:00,5552,13.610101,3.3242455,17.595964,28.306444,12.405072,18,1,0
2023-01-03 19:00:00,4778,13.474313,4.156846,20.00849,31.451733,15.035079,19,1,0
2023-01-03 20:00:00,3644,13.327918,4.349923,20.78798,30.4572,15.882509,20,1,0
2023-01-03 21:00:00,3497,13.251453,4.294478,20.629768,30.172966,16.371643,21,1,0
2023-01-03 22:00:00,2735,13.676271,4.810541,22.415503,32.002678,17.609226,22,1,0
2023-01-03 23:00:00,2179,15.409514,6.375457,27.712769,39.16013,20.887926,23,1,0
2023-01-04 00:00:00,1478,18.179995,7.67067,32.165543,43.956985,22.595032,0,2,0
2023-01-04 01:00:00,618,14.514617,6.309822,27.48204,37.60958,22.157333,1,2,0
2023-01-04 02:00:00,353,15.371719,6.3701696,27.311728,36.810593,21.479137,2,2,0
2023-01-04 03:00:00,211,13.814929,5.5938864,24.39052,33.74839,20.858973,3,2,0
2023-01-04 04:00:00,224,15.138392,6.788661,29.40357,39.71277,23.13297,4,2,0
2023-01-04 05:00:00,539,14.63522,5.818868,25.436548,34.61696,20.319717,5,2,0
2023-01-04 06:00:00,1470,13.406939,4.092252,19.3493,27.1703,15.633002,6,2,0
2023-01-04 07:00:00,3116,16.105488,3.9257832,19.942366,27.741222,12.871462,7,2,0
2023-01-04 08:00:00,4058,14.651007,2.9184008,17.019444,24.329725,10.674559,8,2,0
2023-01-04 09:00:00,4432,14.749075,3.2260516,18.136581,26.06937,11.361931,9,2,0
2023-01-04 10:00:00,4493,15.265089,3.4147606,18.894072,26.901665,11.335252,10,2,0
2023-01-04 11:00:00,4564,14.753023,2.9201183,17.481901,24.995901,10.5442705,11,2,0
2023-01-04 12:00:00,4960,14.46759,2.9722478,17.505604,25.047295,10.72314,12,2,0
2023-01-04 13:00:00,5215,14.733842,3.3096356,18.454958,26.352154,11.339052,13,2,0
2023-01-04 14:00:00,5686,16.376614,3.7251353,20.194952,28.294323,11.208865,14,2,0
2023-01-04 15:00:00,6023,16.324606,3.4434285,19.326498,27.208176,10.470925,15,2,0
2023-01-04 16:00:00,6558,16.981983,3.442984,19.495007,30.326042,10.207259,16,2,0
2023-01-04 17:00:00,6512,16.007666,3.1258924,18.098516,28.668896,10.0153885,17,2,0
2023-01-04 18:00:00,7632,14.181444,2.9061754,16.81213,27.037167,10.820816,18,2,0
2023-01-04 19:00:00,6372,13.524304,3.6355479,18.541275,29.384245,13.450349,19,2,0
2023-01-04 20:00:00,4392,12.867183,3.8687613,18.989162,28.196264,15.022744,20,2,0
2023-01-04 21:00:00,4187,12.955174,4.0148244,19.51008,28.72184,15.783101,21,2,0
2023-01-04 22:00:00,3602,13.106681,3.9632123,19.534147,28.564964,15.770799,22,2,0
2023-01-04 23:00:00,2703,14.981298,5.5401073,24.599705,34.758183,18.74694,23,2,0
2023-01-05 00:00:00,1628,14.975706,6.003286,26.42672,36.75807,20.449692,0,3,0
2023-01-05 01:00:00,744,14.187075,5.4962363,24.407393,33.89281,19.624998,1,3,0
2023-01-05 02:00:00,445,12.427229,4.7084045,21.037079,29.776022,19.376,2,3,0
2023-01-05 03:00:00,292,13.852911,5.526096,24.76096,33.530685,20.265182,3,3,0
2023-01-05 04:00:00,261,15.840676,7.020383,31.278353,42.01314,23.488853,4,3,0
2023-01-05 05:00:00,512,14.650195,5.944043,25.66504,35.304493,20.35238,5,3,0
2023-01-05 06:00:00,1526,14.0085745,4.2518544,19.994154,27.860386,15.706144,6,3,0
2023-01-05 07:00:00,3270,14.674429,3.3277798,17.703823,25.17181,12.2842655,7,3,0
2023-01-05 08:00:00,4213,13.773198,2.680769,16.047543,23.157444,10.490889,8,3,0
2023-01-05 09:00:00,4772,14.415595,2.8536148,16.834158,24.383453,10.588973,9,3,0
2023-01-05 10:00:00,4724,15.137944,3.1062639,17.917442,25.596848,10.61574,10,3,0
2023-01-05 11:00:00,4925,15.223162,3.0939066,18.129198,25.959478,10.490488,11,3,0
2023-01-05 12:00:00,5300,14.427727,2.8293395,16.900368,24.424507,10.256216,12,3,0
2023-01-05 13:00:00,5662,14.898817,3.2940497,18.347582,26.213123,11.059755,13,3,0
2023-01-05 14:00:00,6096,16.49613,3.6404824,19.862223,28.037424,10.816301,14,3,0
2023-01-05 15:00:00,6311,16.467772,3.4114468,19.30599,27.429094,10.2767725,15,3,0
2023-01-05 16:00:00,6033,16.63437,3.4588182,19.461355,30.302128,10.494032,16,3,0
2023-01-05 17:00:00,6881,15.494516,3.0785818,17.751112,28.268942,10.203322,17,3,0
2023-01-05 18:00:00,7226,14.15844,3.0128977,17.006813,27.459873,10.870772,18,3,0
2023-01-05 19:00:00,5984,13.030557,3.2620857,17.283056,27.841719,12.821321,19,3,0
2023-01-05 20:00:00,5261,12.981619,3.6780307,18.539165,27.664152,14.360423,20,3,0
2023-01-05 21:00:00,5190,12.95675,3.6256917,18.27948,27.167366,14.468595,21,3,0
2023-01-05 22:00:00,4385,13.0267725,3.7710648,18.766933,27.700247,15.0415945,22,3,0
2023-01-05 23:00:00,3402,13.515148,4.518351,21.21366,30.66954,17.158447,23,3,0
2023-01-06 00:00:00,2061,12.887271,4.4055457,20.658224,29.715342,17.855885,0,4,0
2023-01-06 01:00:00,1052,12.008793,3.8072052,18.59,26.989515,16.804987,1,4,0
2023-01-06 02:00:00,509,11.230419,3.0356188,15.56444,23.325403,15.241539,2,4,0
2023-01-06 03:00:00,308,13.628897,4.6787014,22.467793,31.402405,18.029097,3,4,0
2023-01-06 04:00:00,269,13.94461,5.287546,24.925278,34.54156,19.914833,4,4,0
2023-01-06 05:00:00,569,15.5686,6.206292,26.874166,36.984886,20.271147,5,4,0
2023-01-06 06:00:00,1350,14.897061,4.7012815,22.144444,30.509253,15.948478,6,4,0
2023-01-06 07:00:00,2896,14.554545,3.343833,17.835857,25.450872,12.341384,7,4,0
2023-01-06 08:00:00,3784,14.279092,2.9371328,16.822174,24.208538,10.727966,8,4,0
2023-01-06 09:00:00,4186,14.1466,3.018624,17.2253,24.92037,10.916206,9,4,0
2023-01-06 10:00:00,4537,14.735083,3.0372274,17.429932,24.983109,10.589934,10,4,0
2023-01-06 11:00:00,4689,14.681344,3.061043,17.550055,25.251139,10.684833,11,4,0
2023-01-06 12:00:00,4899,14.347904,3.0533252,17.276587,24.886282,10.910574,12,4,0
2023-01-06 13:00:00,5308,14.702286,3.1616223,17.780548,25.61264,10.953146,13,4,0
2023-01-06 14:00:00,6335,16.846899,3.4268491,19.304483,27.450539,10.175858,14,4,0
2023-01-06 15:00:00,6136,16.80263,3.3410823,19.16661,27.234362,10.084941,15,4,0
2023-01-06 16:00:00,5925,16.147297,3.376027,19.03751,29.771343,10.455327,16,4,0
2023-01-06 17:00:00,6724,15.017665,2.9542222,17.218428,27.651373,10.196614,17,4,0
2023-01-06 18:00:00,6818,13.536487,2.7874024,16.24538,26.539925,10.821696,18,4,0
2023-01-06 19:00:00,6579,13.221252,3.075168,16.875437,27.323156,11.981174,19,4,0
2023-01-06 20:00:00,5233,13.437621,3.3171222,17.740034,26.480112,12.56796,20,4,0
2023-01-06 21:00:00,5474,13.208526,3.411571,17.863829,26.714191,13.315747,21,4,0
2023-01-06 22:00:00,5689,13.171145,3.2273264,17.431131,26.117266,13.134822,22,4,0
2023-01-06 23:00:00,5176,13.116892,3.6093082,18.35423,27.194029,14.388975,23,4,0
2023-01-07 00:00:00,4455,11.758627,2.9942043,15.92853,24.194345,13.936279,0,5,1
2023-01-07 01:00:00,3668,11.100418,2.874643,15.28127,23.302011,14.355007,1,5,1
2023-01-07 02:00:00,2592,11.003916,2.9114392,15.43681,23.334135,14.843534,2,5,1
2023-01-07 03:00:00,1570,11.162568,3.2792356,16.586433,24.63265,16.118685,3,5,1
2023-01-07 04:00:00,745,12.669575,4.539154,21.65973,30.715195,18.654085,4,5,1
2023-01-07 05:00:00,437,15.196606,6.963936,30.189474,40.650047,23.575125,5,5,1
2023-01-07 06:00:00,743,13.849035,6.4337015,27.835007,37.289516,22.353327,6,5,1
2023-01-07 07:00:00,1305,12.412044,5.0893025,23.144814,31.9796,20.085537,7,5,1
2023-01-07 08:00:00,1926,11.481551,4.2130527,19.909933,27.831459,18.118929,8,5,1
2023-01-07 09:00:00,2972,10.677568,3.1496837,16.16756,23.643307,15.370243,9,5,1
2023-01-07 10:00:00,3891,10.854048,2.9180546,15.525742,22.821457,14.17208,10,5,1
2023-01-07 11:00:00,4645,11.444345,2.7470505,15.390053,22.450138,12.861502,11,5,1
2023-01-07 12:00:00,5337,12.142614,2.8017519,15.914048,23.265182,12.279899,12,5,1
2023-01-07 13:00:00,5786,13.2731905,2.9898202,16.916574,24.399416,11.897616,13,5,1
2023-01-07 14:00:00,5917,14.285262,3.5133076,18.87903,26.79575,12.211615,14,5,1
2023-01-07 15:00:00,6046,14.796579,3.50892,18.947271,26.803959,11.8857355,15,5,1
2023-01-07 16:00:00,6129,15.621896,3.4196935,19.026628,26.878206,11.302669,16,5,1
2023-01-07 17:00:00,6183,15.603067,3.1737876,18.18904,25.872677,10.574804,17,5,1
2023-01-07 18:00:00,6224,14.798208,3.0163624,17.431797,24.84105,10.682606,18,5,1
2023-01-07 19:00:00,6323,14.762324,3.1313696,17.809963,25.420664,11.086814,19,5,1
2023-01-07 20:00:00,5335,14.511843,3.4092464,18.414696,27.107235,12.078732,20,5,1
2023-01-07 21:00:00,5458,14.246891,3.4364183,18.505676,27.354935,12.575298,21,5,1
2023-01-07 22:00:00,6024,13.868001,3.4633949,18.390223,27.200184,13.179488,22,5,1
2023-01-07 23:00:00,5318,13.4281845,3.3718822,17.76545,26.361135,13.441743,23,5,1
2023-01-08 00:00:00,4913,12.397158,3.2617729,17.058191,25.472681,14.059703,0,6,1
2023-01-08 01:00:00,4040,11.251774,2.7951386,15.168069,23.310432,14.038416,1,6,1
2023-01-08 02:00:00,3006,11.239404,2.9605489,15.672774,23.699436,14.815637,2,6,1
2023-01-08 03:00:00,1829,11.127064,3.111323,16.011776,24.025785,15.533984,3,6,1
2023-01-08 04:00:00,929,12.318604,4.0466847,19.467169,28.143133,17.57289,4,6,1
2023-01-08 05:00:00,448,15.527864,7.422076,31.821207,42.890602,24.473558,5,6,1
2023-01-08 06:00:00,701,15.366286,7.67311,33.456062,43.89154,25.378283,6,6,1
2023-01-08 07:00:00,1056,13.3283615,6.250833,27.984528,37.655975,23.08355,7,6,1
2023-01-08 08:00:00,1579,11.284082,4.4156046,20.525967,28.941109,19.46729,8,6,1
2023-01-08 09:00:00,2416,10.959803,3.7671647,18.159748,25.957487,17.32825,9,6,1
2023-01-08 10:00:00,3681,11.186856,3.5459793,17.61423,25.32314,15.874245,10,6,1
2023-01-08 11:00:00,4191,11.226688,3.0272274,16.043402,23.453915,13.889746,11,6,1
2023-01-08 12:00:00,4964,12.379324,3.350113,17.6208,25.609673,13.672182,12,6,1
2023-01-08 13:00:00,5188,13.866799,3.591014,18.917145,27.065107,12.991192,13,6,1
2023-01-08 14:00:00,5403,14.838322,3.8225617,19.964815,28.504017,12.787264,14,6,1
2023-01-08 15:00:00,5249,15.618324,4.190648,21.257307,30.10912,13.16899,15,6,1
2023-01-08 16:00:00,5502,15.643918,4.1221137,20.876286,29.639833,12.919879,16,6,1
2023-01-08 17:00:00,5048,16.132208,4.253928,21.329676,30.139174,13.075971,17,6,1
2023-01-08 18:00:00,4566,14.016784,3.698791,19.003887,27.34293,13.223984,18,6,1
2023-01-08 19:00:00,3991,14.063029,4.437893,21.349886,30.06377,15.382097,19,6,1
2023-01-08 20:00:00,3479,13.871855,4.655243,21.813623,31.664877,16.427473,20,6,1
2023-01-08 21:00:00,3439,14.21371,5.212524,23.690958,34.286327,18.276724,21,6,1
2023-01-08 22:00:00,2461,14.619275,6.0185657,26.880453,37.701557,20.345713,22,6,1
2023-01-08 23:00:00,1959,15.61237,6.965314,29.561436,41.08043,22.86338,23,6,1
2023-01-09 00:00:00,1185,15.294782,6.7792234,29.150894,39.50026,22.822004,0,0,0
2023-01-09 01:00:00,443,13.73258,5.1743793,23.59616,31.766771,19.7274,1,0,0
2023-01-09 02:00:00,274,11.943431,3.8787959,18.682482,26.593613,17.352688,2,0,0
2023-01-09 03:00:00,219,13.655175,5.196986,23.519178,32.658585,20.040953,3,0,0
2023-01-09 04:00:00,235,15.321277,5.891532,26.385532,35.869278,20.550232,4,0,0
2023-01-09 05:00:00,509,13.426588,5.104597,22.518488,31.420294,19.016233,5,0,0
2023-01-09 06:00:00,1573,15.440295,4.492924,21.28117,29.372704,15.37621,6,0,0
2023-01-09 07:00:00,3157,16.675472,3.797732,19.77827,27.842503,12.433123,7,0,0
2023-01-09 08:00:00,4139,15.450601,3.073136,17.586445,25.424763,10.541352,8,0,0
2023-01-09 09:00:00,4258,14.967461,3.1372592,17.973814,25.887722,10.778338,9,0,0
2023-01-09 10:00:00,4143,15.165295,3.3972242,18.784649,26.867403,11.277064,10,0,0
2023-01-09 11:00:00,4319,14.769831,3.2081456,18.091225,25.98604,11.054753,11,0,0
2023-01-09 12:00:00,4656,14.738807,3.35334,18.487995,26.53155,11.352639,12,0,0
2023-01-09 13:00:00,4448,14.647074,3.4138534,18.421448,26.46126,11.535418,13,0,0
2023-01-09 14:00:00,5196,15.529526,3.7328868,19.722403,28.186947,11.743104,14,0,0
2023-01-09 15:00:00,5529,15.1018505,3.3708446,18.548508,26.570333,11.039022,15,0,0
2023-01-09 16:00:00,5380,15.171053,3.6355388,19.224344,30.477291,11.821733,16,0,0
2023-01-09 17:00:00,6077,15.128128,3.434879,18.534252,29.458916,11.378166,17,0,0
2023-01-09 18:00:00,5979,13.368141,3.312094,17.505117,28.330399,12.294403,18,0,0
2023-01-09 19:00:00,5177,12.312452,3.4589877,17.56009,28.386526,13.999381,19,0,0
2023-01-09 20:00:00,4275,12.260721,3.850365,18.822126,28.160522,15.5609665,20,0,0
2023-01-09 21:00:00,3822,12.280272,3.9725223,19.132315,28.480022,16.36416,21,0,0
2023-01-09 22:00:00,3084,12.8766165,4.361336,20.800583,30.096651,17.20349,22,0,0
2023-01-09 23:00:00,1903,13.529962,5.2988753,23.73626,33.865482,19.67759,23,0,0
2023-01-10 00:00:00,972,13.050086,4.8929324,22.17994,31.382008,19.563578,0,1,0
2023-01-10 01:00:00,457,13.856127,5.624573,25.13582,34.486565,20.53702,1,1,0
2023-01-10 02:00:00,240,12.393541,3.9504583,19.297916,27.178917,17.988415,2,1,0
2023-01-10 03:00:00,174,11.55498,3.8031034,19.085632,26.805115,18.041555,3,1,0
2023-01-10 04:00:00,197,13.776227,5.377259,24.09477,32.884365,21.76521,4,1,0
2023-01-10 05:00:00,528,13.591446,5.41053,24.163977,33.251347,19.83024,5,1,0
2023-01-10 06:00:00,1615,13.242404,3.9264646,18.89764,26.493053,15.290776,6,1,0
2023-01-10 07:00:00,3452,13.966324,3.0982127,17.074884,24.612585,12.121655,7,1,0
2023-01-10 08:00:00,4491,14.403714,2.6779537,16.275394,23.712257,10.020241,8,1,0
2023-01-10 09:00:00,4843,15.279118,2.9615548,17.649391,25.622929,10.164379,9,1,0
2023-01-10 10:00:00,4842,15.188414,2.93905,17.429966,25.23644,10.18633,10,1,0
2023-01-10 11:00:00,4885,15.476407,2.9514349,17.780348,25.554495,9.894433,11,1,0
2023-01-10 12:00:00,5297,14.661421,2.8551974,17.25137,24.914907,10.118888,12,1,0
2023-01-10 13:00:00,5498,14.709127,3.0713966,17.691788,25.38094,10.482063,13,1,0
2023-01-10 14:00:00,6169,16.19763,3.3670483,19.155386,27.29486,10.440923,14,1,0
2023-01-10 15:00:00,6284,15.742221,3.097478,18.102875,25.93756,9.9277315,15,1,0
2023-01-10 16:00:00,5960,15.65408,3.3614142,18.737265,29.687712,10.638241,16,1,0
2023-01-10 17:00:00,6761,14.95615,3.0053408,17.377415,28.021814,10.33016,17,1,0
2023-01-10 18:00:00,7180,13.104,2.7575793,15.939184,26.283058,11.007985,18,1,0
2023-01-10 19:00:00,6434,12.49277,3.1338158,16.696966,27.128883,12.972382,19,1,0
2023-01-10 20:00:00,5675,12.204193,3.2519174,16.968212,25.970627,14.032489,20,1,0
2023-01-10 21:00:00,5500,12.528136,3.5647237,18.007292,27.006535,14.839188,21,1,0
2023-01-10 22:00:00,4223,12.572314,3.59112,18.121265,27.119268,15.075299,22,1,0
2023-01-10 23:00:00,2564,13.789659,4.697153,21.663767,31.467777,17.380152,23,1,0
2023-01-11 00:00:00,1398,14.021244,4.7765737,21.76309,30.784412,17.32499,0,2,0
2023-01-11 01:00:00,669,11.929621,4.1261883,19.403887,27.81952,18.19169,1,2,0
2023-01-11 02:00:00,305,12.889672,4.0570493,19.670164,27.881542,17.774033,2,2,0
2023-01-11 03:00:00,222,11.586261,4.2468467,20.03108,28.345135,19.004192,3,2,0
2023-01-11 04:00:00,237,14.459072,5.8501263,27.216877,37.584137,21.518753,4,2,0
2023-01-11 05:00:00,539,13.53992,5.494082,24.430983,34.838238,20.148167,5,2,0
2023-01-11 06:00:00,1602,13.4447775,3.9599624,18.87736,26.59452,15.256872,6,2,0
2023-01-11 07:00:00,3414,14.083396,3.1789484,17.154541,24.585186,12.139796,7,2,0
2023-01-11 08:00:00,4731,14.320002,2.7438004,16.4879,23.84625,10.275836,8,2,0
2023-01-11 09:00:00,4732,14.18445,2.500972,15.934974,23.218596,9.644019,9,2,0
2023-01-11 10:00:00,4924,14.55109,2.5841289,16.402254,23.748814,9.679067,10,2,0
2023-01-11 11:00:00,5079,14.647339,2.6081924,16.482042,23.819279,9.47699,11,2,0
2023-01-11 12:00:00,5582,14.813839,2.9878376,17.530294,25.297176,10.257146,12,2,0
2023-01-11 13:00:00,5686,14.664364,3.03662,17.62937,25.48592,10.4785795,13,2,0
2023-01-11 14:00:00,6133,15.325393,3.1235414,17.950907,25.826563,10.251625,14,2,0
2023-01-11 15:00:00,6457,15.189689,3.026136,17.823664,25.672876,9.994174,15,2,0
2023-01-11 16:00:00,6435,15.831829,3.37664,18.725004,29.658964,10.596806,16,2,0
2023-01-11 17:00:00,7267,15.679646,3.2115908,18.178381,29.072273,10.327392,17,2,0
2023-01-11 18:00:00,7808,13.35852,2.7369492,15.98363,26.490015,10.8215,18,2,0
2023-01-11 19:00:00,6706,12.491266,3.0813289,16.591888,27.238258,12.687957,19,2,0
2023-01-11 20:00:00,5968,12.411624,3.3714511,17.34137,26.33054,14.013355,20,2,0
2023-01-11 21:00:00,5914,12.227503,3.2943473,16.953815,25.890448,14.3000965,21,2,0
2023-01-11 22:00:00,5025,13.10924,3.6827285,18.581192,27.74997,14.725142,22,2,0
2023-01-11 23:00:00,3227,13.556595,4.3066535,20.502132,30.041035,16.44469,23,2,0
2023-01-12 00:00:00,1719,14.223754,4.8622513,22.359873,32.11463,17.628132,0,3,0
2023-01-12 01:00:00,843,12.502095,4.317699,20.43286,29.549963,18.168398,1,3,0
2023-01-12 02:00:00,538,11.9583645,4.220874,21.157621,29.391523,18.235573,2,3,0
2023-01-12 03:00:00,299,13.131661,4.856288,22.688293,31.23756,19.222092,3,3,0
2023-01-12 04:00:00,301,14.355704,6.1323586,27.48804,38.196976,22.449398,4,3,0
2023-01-12 05:00:00,573,14.669227,5.820663,25.49569,36.048134,19.897959,5,3,0
2023-01-12 06:00:00,1759,14.013625,3.9326267,18.886732,26.723616,14.6709585,6,3,0
2023-01-12 07:00:00,3803,14.659839,3.1380253,17.1005,24.698545,11.617878,7,3,0
2023-01-12 08:00:00,4992,15.254327,2.6746814,16.518589,23.895397,9.408195,8,3,0
2023-01-12 09:00:00,4955,15.957508,2.8405468,17.52246,25.449087,9.4709215,9,3,0
2023-01-12 10:00:00,4930,15.806771,2.9863753,17.85851,25.749544,9.85423,10,3,0
2023-01-12 11:00:00,5097,16.959152,3.2761095,19.441023,27.900496,9.926922,11,3,0
2023-01-12 12:00:00,5539,15.9666,3.1049776,18.4709,26.551998,9.906117,12,3,0
2023-01-12 13:00:00,5730,16.330256,3.4344678,19.427181,27.806808,10.514158,13,3,0
2023-01-12 14:00:00,6339,17.452995,3.5835006,20.10008,28.738876,10.271503,14,3,0
2023-01-12 15:00:00,6455,17.830435,3.6199846,20.164896,28.606028,9.984333,15,3,0
2023-01-12 16:00:00,6286,17.804708,3.5589516,19.967667,31.416597,10.043525,16,3,0
2023-01-12 17:00:00,7491,17.600594,3.1998198,18.847162,29.81252,9.340195,17,3,0
2023-01-12 18:00:00,8763,15.072358,2.6158633,16.425446,26.764807,9.128252,18,3,0
2023-01-12 19:00:00,6540,14.013199,3.216994,17.587837,28.39514,11.608575,19,3,0
2023-01-12 20:00:00,6660,13.226241,3.2579594,17.308483,26.391615,12.545094,20,3,0
2023-01-12 21:00:00,5782,13.048109,3.4098701,17.73888,26.739313,13.736199,21,3,0
2023-01-12 22:00:00,5086,13.269826,3.735529,18.71225,27.8806,14.819454,22,3,0
2023-01-12 23:00:00,3846,13.132198,4.0092015,19.529354,28.903982,16.045618,23,3,0
2023-01-13 00:00:00,2767,15.1057825,5.3253307,23.977158,34.395046,17.990446,0,4,0
2023-01-13 01:00:00,1494,13.451472,4.809786,22.417538,31.996405,18.095074,1,4,0
2023-01-13 02:00:00,773,12.221345,4.073545,19.630919,28.120596,17.384418,2,4,0
2023-01-13 03:00:00,411,11.990795,3.9081266,18.694891,27.124088,17.720215,3,4,0
2023-01-13 04:00:00,370,14.185721,5.6473784,25.170568,36.55119,21.114399,4,4,0
2023-01-13 05:00:00,588,14.203884,5.6501193,24.871258,35.67699,20.037489,5,4,0
2023-01-13 06:00:00,1527,16.43066,4.9078717,22.705704,31.328506,15.609626,6,4,0
2023-01-13 07:00:00,2936,15.012602,3.5595946,18.489952,26.437136,12.6267805,7,4,0
2023-01-13 08:00:00,3809,14.109999,2.9828565,16.922398,24.651522,11.010354,8,4,0
2023-01-13 09:00:00,4282,14.595283,3.2601402,18.187471,26.350952,11.313461,9,4,0
2023-01-13 10:00:00,4733,14.357553,3.1357236,17.523289,25.684042,11.1179905,10,4,0
2023-01-13 11:00:00,4883,14.973769,3.0884764,17.804752,25.823553,10.488995,11,4,0
2023-01-13 12:00:00,5208,14.943385,3.261995,18.23078,26.57955,10.979691,12,4,0
2023-01-13 13:00:00,5681,15.5031805,3.418129,18.8249,27.240421,11.014041,13,4,0
2023-01-13 14:00:00,6526,17.630236,3.7160037,20.417652,29.345764,10.532304,14,4,0
2023-01-13 15:00:00,6532,17.816803,3.471231,19.920897,28.62549,9.736611,15,4,0
2023-01-13 16:00:00,6433,17.296461,3.5117798,19.808783,31.112991,10.268548,16,4,0
2023-01-13 17:00:00,7299,16.715796,3.4401193,19.10848,30.396687,10.384021,17,4,0
2023-01-13 18:00:00,7399,14.2472725,2.9274526,16.862028,27.562988,10.635966,18,4,0
2023-01-13 19:00:00,6931,13.7202635,2.9997952,17.004444,27.663572,11.3789425,19,4,0
2023-01-13 20:00:00,5701,13.656075,3.3364391,17.850595,26.909445,12.476418,20,4,0
2023-01-13 21:00:00,5631,14.299461,3.5365922,18.742603,28.034979,12.741309,21,4,0
2023-01-13 22:00:00,6281,14.887444,3.6412196,19.147158,28.550938,12.793448,22,4,0
2023-01-13 23:00:00,5786,14.6038685,3.6189353,19.056046,28.220627,13.126717,23,4,0
2023-01-14 00:00:00,4882,13.454728,3.367593,17.644115,26.319681,13.462453,0,5,1
2023-01-14 01:00:00,4032,12.1286125,2.9711435,15.964047,24.146597,13.626062,1,5,1
2023-01-14 02:00:00,2982,11.369674,2.8985345,15.416368,23.416725,14.278805,2,5,1
2023-01-14 03:00:00,1847,11.51432,3.1394587,16.289127,24.456656,15.047046,3,5,1
2023-01-14 04:00:00,898,12.084614,3.7866037,18.928408,27.463741,16.910368,4,5,1
2023-01-14 05:00:00,409,15.004685,6.624425,28.805624,39.87648,22.348412,5,5,1
2023-01-14 06:00:00,661,12.738376,5.345174,24.060543,33.142136,20.225063,6,5,1
2023-01-14 07:00:00,1276,13.197362,5.4252825,24.512428,33.38482,20.245846,7,5,1
2023-01-14 08:00:00,2042,11.174184,3.8965719,18.879486,26.971167,17.257147,8,5,1
2023-01-14 09:00:00,3073,11.460788,3.4854052,17.4712,25.527546,15.399388,9,5,1
2023-01-14 10:00:00,4250,11.629659,3.1067693,16.424343,24.12077,13.880661,10,5,1
2023-01-14 11:00:00,5125,12.275815,2.9328196,16.310566,23.981468,12.473194,11,5,1
2023-01-14 12:00:00,5863,13.361663,3.0276375,17.003923,24.972652,11.928235,12,5,1
2023-01-14 13:00:00,6132,14.737082,3.1751812,18.378391,26.431374,11.326206,13,5,1
2023-01-14 14:00:00,5970,15.240704,3.3960888,18.912077,27.195776,11.363893,14,5,1
2023-01-14 15:00:00,6604,15.452549,3.3520608,18.884506,27.039347,11.072507,15,5,1
2023-01-14 16:00:00,6866,16.140543,3.3466034,19.102549,27.313232,10.73678,16,5,1
2023-01-14 17:00:00,6894,16.43095,3.2381318,18.716911,26.64486,10.167035,17,5,1
2023-01-14 18:00:00,6845,15.734375,3.050406,18.121992,25.967241,10.173119,18,5,1
2023-01-14 19:00:00,6715,15.173722,2.8209872,17.330708,24.999554,10.023788,19,5,1
2023-01-14 20:00:00,5592,13.946376,2.966497,17.145529,25.672144,11.296514,20,5,1
2023-01-14 21:00:00,5614,14.111344,3.3684733,18.299847,27.19558,12.463935,21,5,1
2023-01-14 22:00:00,5893,13.9078,3.1916544,17.644968,26.340939,12.282642,22,5,1
2023-01-14 23:00:00,5942,13.90568,3.5556378,18.644245,27.465555,13.378364,23,5,1
2023-01-15 00:00:00,4992,12.523544,3.0945551,16.676172,24.98444,13.432614,0,6,1
2023-01-15 01:00:00,4086,12.324935,3.3334312,17.211233,25.548038,14.446838,1,6,1
2023-01-15 02:00:00,2977,11.744721,3.0774672,16.146872,24.16346,14.578017,2,6,1
2023-01-15 03:00:00,1940,11.434974,3.2336857,16.591026,24.77852,15.424818,3,6,1
2023-01-15 04:00:00,936,12.026032,3.8159294,18.96923,27.137703,17.012972,4,6,1
2023-01-15 05:00:00,342,14.223197,6.216959,27.861988,38.744648,22.011293,5,6,1
2023-01-15 06:00:00,623,13.362412,5.994639,26.72849,36.054047,22.152822,6,6,1
2023-01-15 07:00:00,1148,12.295442,5.3566117,24.451384,33.266064,20.993597,7,6,1
2023-01-15 08:00:00,1724,10.7973995,3.9306324,18.805191,26.886868,17.835276,8,6,1
2023-01-15 09:00:00,2759,10.6027975,3.3993149,17.026249,24.721863,16.215424,9,6,1
2023-01-15 10:00:00,3735,11.020865,3.3502169,16.92763,24.742744,15.3463745,10,6,1
2023-01-15 11:00:00,4739,11.706404,3.2234101,16.884026,24.715094,14.023223,11,6,1
2023-01-15 12:00:00,5307,12.672383,3.1910684,17.30254,25.213482,13.007712,12,6,1
2023-01-15 13:00:00,5379,14.274456,3.5244303,18.811258,26.991152,12.542753,13,6,1
2023-01-15 14:00:00,5572,15.17864,3.5346427,19.315695,27.748991,11.821681,14,6,1
2023-01-15 15:00:00,5755,15.637063,3.74482,19.957415,28.544432,11.9951935,15,6,1
2023-01-15 16:00:00,5875,16.019657,3.6360393,19.87447,28.211863,11.557163,16,6,1
2023-01-15 17:00:00,5688,16.159573,3.8379202,20.399466,28.91197,11.928861,17,6,1
2023-01-15 18:00:00,5581,14.650825,3.416171,18.713877,26.854586,11.9720745,18,6,1
2023-01-15 19:00:00,4941,13.581143,3.4085875,18.099833,26.074562,12.897349,19,6,1
2023-01-15 20:00:00,4729,13.221714,3.6669698,18.78095,27.806421,13.978312,20,6,1
2023-01-15 21:00:00,4279,12.634849,3.6859593,18.501997,27.633656,14.81586,21,6,1
2023-01-15 22:00:00,4055,13.46723,4.5121727,21.452473,31.116472,16.564959,22,6,1
2023-01-15 23:00:00,3820,13.632923,4.930906,22.486069,32.5233,18.189323,23,6,1
2023-01-16 00:00:00,2255,12.447554,4.4105854,20.708914,30.080585,18.309525,0,0,0
2023-01-16 01:00:00,1257,11.485945,4.14428,19.425043,28.071768,18.152315,1,0,0
2023-01-16 02:00:00,716,10.764479,3.1669414,16.037682,23.932472,16.406445,2,0,0
2023-01-16 03:00:00,476,11.473355,3.8286974,18.665588,27.532248,17.999784,3,0,0
2023-01-16 04:00:00,379,13.410421,5.327256,24.630608,35.61467,21.386776,4,0,0
2023-01-16 05:00:00,411,15.339253,7.0926766,30.027739,41.50326,23.416586,5,0,0
2023-01-16 06:00:00,918,14.187291,6.0983224,26.924892,36.603256,20.607298,6,0,0
2023-01-16 07:00:00,1475,12.739153,5.1018443,22.956861,32.507675,18.92053,7,0,0
2023-01-16 08:00:00,2339,12.233675,3.8690424,19.103334,27.684994,15.631565,8,0,0
2023-01-16 09:00:00,3053,12.155137,3.454756,17.986845,26.434654,14.504314,9,0,0
2023-01-16 10:00:00,3736,12.246838,3.5088947,17.89883,26.258461,14.176147,10,0,0
2023-01-16 11:00:00,4329,12.673797,3.3385956,17.558258,25.89066,13.07085,11,0,0
2023-01-16 12:00:00,4758,13.136591,3.3940773,17.971102,26.185394,12.866887,12,0,0
2023-01-16 13:00:00,5011,13.872571,3.5405946,18.63707,27.088932,12.659502,13,0,0
2023-01-16 14:00:00,5269,16.790545,4.2396126,21.565845,30.636852,12.391698,14,0,0
2023-01-16 15:00:00,5518,15.454838,3.9337006,20.161276,28.980824,12.48892,15,0,0
2023-01-16 16:00:00,5545,15.615146,4.006348,20.368134,29.302483,12.721348,16,0,0
2023-01-16 17:00:00,5544,15.45753,3.8852272,19.835047,28.820618,12.459238,17,0,0
2023-01-16 18:00:00,5158,13.604475,3.383354,17.922394,26.11058,12.536913,18,0,0
2023-01-16 19:00:00,4373,13.368112,3.9010932,19.36316,27.870367,14.453653,19,0,0
2023-01-16 20:00:00,3850,12.700351,4.051875,19.528065,29.130434,15.598755,20,0,0
2023-01-16 21:00:00,3692,13.608108,4.8695097,22.397182,33.035378,17.61236,21,0,0
2023-01-16 22:00:00,3101,14.133817,5.5199037,24.673397,35.55504,19.265614,22,0,0
2023-01-16 23:00:00,2217,14.1661625,6.157916,26.761524,38.301178,21.534615,23,0,0
2023-01-17 00:00:00,1132,13.928209,6.177915,26.603182,37.193367,21.914213,0,1,0
2023-01-17 01:00:00,508,13.112828,4.915787,22.225985,31.075197,19.03951,1,1,0
2023-01-17 02:00:00,235,12.164327,4.2739573,20.308552,28.73732,18.22302,2,1,0
2023-01-17 03:00:00,193,13.556045,5.204456,24.1157,33.807564,20.592167,3,1,0
2023-01-17 04:00:00,215,15.392714,6.56414,29.125582,39.654137,23.077328,4,1,0
2023-01-17 05:00:00,587,14.136712,5.4327426,24.349539,34.4308,19.553722,5,1,0
2023-01-17 06:00:00,1731,14.797748,4.402305,20.71092,28.952421,15.57999,6,1,0
2023-01-17 07:00:00,3651,15.16192,3.5243742,18.533129,26.568003,12.386909,7,1,0
2023-01-17 08:00:00,5027,15.196141,2.9225643,17.409529,25.382633,10.246434,8,1,0
2023-01-17 09:00:00,5190,15.692424,3.0202177,18.174944,26.430937,10.299598,9,1,0
2023-01-17 10:00:00,5008,16.94843,3.4332209,19.979525,28.563604,10.41723,10,1,0
2023-01-17 11:00:00,5276,16.570673,3.0844824,18.826174,27.101273,9.645981,11,1,0
2023-01-17 12:00:00,5553,15.645041,3.2779164,18.865244,27.16651,10.536775,12,1,0
2023-01-17 13:00:00,5785,16.252945,3.5323405,19.592073,28.056664,10.7069235,13,1,0
2023-01-17 14:00:00,5947,16.637423,3.6770842,20.113285,28.847431,10.833231,14,1,0
2023-01-17 15:00:00,6416,16.34282,3.3677416,19.189737,27.582592,10.250542,15,1,0
2023-01-17 16:00:00,6148,17.32156,3.7554147,20.330206,31.858732,10.764691,16,1,0
2023-01-17 17:00:00,6594,16.187183,3.4057126,18.937511,30.145008,10.543398,17,1,0
2023-01-17 18:00:00,6922,13.515349,2.834272,16.351864,26.918869,10.949738,18,1,0
2023-01-17 19:00:00,5883,12.349549,3.2252388,16.985552,27.620277,13.240039,19,1,0
2023-01-17 20:00:00,5186,12.208973,3.3647957,17.251785,26.215204,14.167839,20,1,0
2023-01-17 21:00:00,5224,12.182147,3.4244218,17.325651,26.380016,14.723856,21,1,0
2023-01-17 22:00:00,4040,12.964018,4.0532675,19.635,29.18123,15.994519,22,1,0
2023-01-17 23:00:00,2509,13.704484,4.840809,22.498564,32.296734,17.923622,23,1,0
2023-01-18 00:00:00,1207,13.707277,4.769478,22.13691,31.407406,17.662457,0,2,0
2023-01-18 01:00:00,541,12.554221,4.021571,19.514233,28.137598,16.786407,1,2,0
2023-01-18 02:00:00,297,12.244221,3.4861279,17.48249,25.163065,15.999332,2,2,0
2023-01-18 03:00:00,217,13.70384,5.447143,24.669584,34.431843,20.440895,3,2,0
2023-01-18 04:00:00,242,17.361364,7.863306,35.254337,47.87851,24.00199,4,2,0
2023-01-18 05:00:00,604,15.424861,6.101308,26.927185,37.972713,19.920536,5,2,0
2023-01-18 06:00:00,1659,14.558167,4.3607774,20.609222,29.052708,15.563202,6,2,0
2023-01-18 07:00:00,3491,14.783844,3.3752563,18.143806,26.047482,12.337607,7,2,0
2023-01-18 08:00:00,4883,15.316414,2.9198873,17.459902,25.267387,10.243393,8,2,0
2023-01-18 09:00:00,4871,16.252983,2.9581912,18.384941,26.477879,9.926208,9,2,0
2023-01-18 10:00:00,5031,16.261435,3.097911,18.578175,26.72144,9.953501,10,2,0
2023-01-18 11:00:00,4896,16.433071,2.9061518,18.23366,26.153772,9.335254,11,2,0
2023-01-18 12:00:00,5467,15.662744,3.0029962,18.22908,26.211357,9.880628,12,2,0
2023-01-18 13:00:00,5603,16.096613,3.2304122,18.895102,27.12935,10.095262,13,2,0
2023-01-18 14:00:00,6112,17.01142,3.49884,19.855793,28.36404,10.148386,14,2,0
2023-01-18 15:00:00,6300,16.628035,3.1478684,18.542562,26.579588,9.576008,15,2,0
2023-01-18 16:00:00,6234,16.50345,3.332026,18.97763,29.958202,10.189131,16,2,0
2023-01-18 17:00:00,6974,15.586163,2.9333394,17.473812,28.134703,9.753805,17,2,0
2023-01-18 18:00:00,7597,13.912536,2.7272806,16.329613,26.820242,10.390196,18,2,0
2023-01-18 19:00:00,6853,12.835892,3.0494046,16.720123,27.344675,12.210744,19,2,0
2023-01-18 20:00:00,6226,12.498463,3.2258499,17.003084,25.930506,13.410984,20,2,0
2023-01-18 21:00:00,6217,12.507758,3.317267,17.200129,26.14613,14.179194,21,2,0
2023-01-18 22:00:00,5344,13.731026,3.621673,18.346725,27.4033,14.261748,22,2,0
2023-01-18 23:00:00,3178,13.422262,3.8932316,19.32596,28.48647,15.345363,23,2,0
2023-01-19 00:00:00,1702,12.655063,3.9503996,19.46369,28.23631,16.510378,0,3,0
2023-01-19 01:00:00,780,11.241495,3.4726536,17.15141,25.486961,16.79522,1,3,0
2023-01-19 02:00:00,471,11.559836,3.429915,17.953928,25.898811,16.351278,2,3,0
2023-01-19 03:00:00,322,11.334524,3.554379,17.725777,25.839256,16.982328,3,3,0
2023-01-19 04:00:00,289,15.189504,5.825848,26.663668,37.832317,21.002007,4,3,0
2023-01-19 05:00:00,558,13.72261,5.439534,24.3731,34.811184,19.87241,5,3,0
2023-01-19 06:00:00,1676,13.552028,4.099242,19.662195,27.882607,15.646213,6,3,0
2023-01-19 07:00:00,3609,14.701358,3.3142393,17.812744,25.359468,12.122653,7,3,0
2023-01-19 08:00:00,5033,14.9911785,2.6519134,16.610413,24.13495,9.562699,8,3,0
2023-01-19 09:00:00,5429,16.042864,2.6030946,17.056139,24.797857,8.779396,9,3,0
2023-01-19 10:00:00,5229,16.237846,2.5624957,17.086327,24.758045,8.4916,10,3,0
2023-01-19 11:00:00,5280,16.645252,2.7406988,17.806736,25.731659,8.712793,11,3,0
2023-01-19 12:00:00,5751,16.697765,2.8181846,18.17357,26.166,8.773483,12,3,0
2023-01-19 13:00:00,5828,16.899315,3.1143067,18.75628,26.825916,9.291829,13,3,0
2023-01-19 14:00:00,6670,18.58124,3.4548216,20.173357,28.798227,9.255747,14,3,0
2023-01-19 15:00:00,7115,18.04874,2.888693,18.53116,26.327286,8.105754,15,3,0
2023-01-19 16:00:00,6695,18.515951,3.102006,19.284555,30.315434,8.571424,16,3,0
2023-01-19 17:00:00,7365,17.50077,2.8075342,18.038404,28.775661,8.404563,17,3,0
2023-01-19 18:00:00,8022,15.657347,2.6888657,16.929008,27.41963,9.100716,18,3,0
2023-01-19 19:00:00,7181,14.106058,2.7917113,16.498203,26.834118,10.317368,19,3,0
2023-01-19 20:00:00,6478,13.314742,3.137115,17.043076,26.032429,12.127803,20,3,0
2023-01-19 21:00:00,6338,13.158331,3.07917,16.78293,25.57829,12.312617,21,3,0
2023-01-19 22:00:00,5542,13.823285,3.5674505,18.550072,27.7349,13.59388,22,3,0
2023-01-19 23:00:00,3875,13.728065,4.166374,20.217651,29.852139,15.743659,23,3,0
2023-01-20 00:00:00,2449,13.35916,4.4093833,20.71564,30.211506,17.093472,0,4,0
2023-01-20 01:00:00,1266,12.935795,4.3294315,20.857346,30.107426,17.287348,1,4,0
2023-01-20 02:00:00,672,12.632788,3.9980803,19.393154,27.922796,16.983376,2,4,0
2023-01-20 03:00:00,394,11.755627,3.7235532,18.203554,26.661827,17.301699,3,4,0
2023-01-20 04:00:00,348,14.372749,5.942759,27.212069,38.208332,21.337646,4,4,0
2023-01-20 05:00:00,576,14.055295,5.783368,25.942257,36.493423,20.442686,5,4,0
2023-01-20 06:00:00,1387,14.434571,4.617015,21.35847,29.926323,16.264914,6,4,0
2023-01-20 07:00:00,3079,13.846773,3.393576,17.85385,25.74085,12.878833,7,4,0
2023-01-20 08:00:00,4021,14.598587,3.0979111,17.597664,25.326286,11.012074,8,4,0
2023-01-20 09:00:00,4326,15.048316,2.9927716,17.667234,25.577393,10.488041,9,4,0
2023-01-20 10:00:00,4523,14.889535,2.9960537,17.606556,25.415253,10.551032,10,4,0
2023-01-20 11:00:00,4913,14.824029,2.9121249,17.349445,25.070915,10.263514,11,4,0
2023-01-20 12:00:00,5558,15.087,3.0487027,17.795988,25.67773,10.343478,12,4,0
2023-01-20 13:00:00,6037,15.9540825,3.2020507,18.27676,26.254723,10.137078,13,4,0
2023-01-20 14:00:00,6154,18.026245,3.6022277,20.299139,28.876026,9.931193,14,4,0
2023-01-20 15:00:00,6392,17.864641,3.2112782,19.041443,27.27387,9.329368,15,4,0
2023-01-20 16:00:00,6339,16.734077,3.3660293,18.930351,29.917103,10.208023,16,4,0
2023-01-20 17:00:00,6884,15.409558,2.997462,17.44419,28.123909,10.065621,17,4,0
2023-01-20 18:00:00,7134,13.987985,2.7853503,16.48684,26.960594,10.380729,18,4,0
2023-01-20 19:00:00,6826,13.948926,3.0087242,17.066294,27.58086,11.230736,19,4,0
2023-01-20 20:00:00,5671,13.323259,2.9577975,16.684061,25.404287,11.773035,20,4,0
2023-01-20 21:00:00,5772,13.623509,3.2458353,17.707623,26.643137,12.622911,21,4,0
2023-01-20 22:00:00,6388,13.872771,3.319859,17.914324,26.658068,12.78702,22,4,0
2023-01-20 23:00:00,5945,13.765136,3.2551272,17.535498,26.232204,12.745818,23,4,0
2023-01-21 00:00:00,5117,12.927803,2.9610884,16.362402,24.698944,12.760163,0,5,1
2023-01-21 01:00:00,4212,12.147867,2.856085,15.717016,23.882353,13.310681,1,5,1
2023-01-21 02:00:00,3073,11.683225,2.959128,15.781501,23.807917,14.041907,2,5,1
2023-01-21 03:00:00,1949,11.64103,3.0688148,16.084536,24.088081,14.9012575,3,5,1
2023-01-21 04:00:00,924,12.101731,3.8181927,18.787586,27.14841,16.757996,4,5,1
2023-01-21 05:00:00,448,14.002604,6.2727456,27.570648,37.629757,22.332233,5,5,1
2023-01-21 06:00:00,685,13.211459,5.787518,25.254759,34.460526,21.385094,6,5,1
2023-01-21 07:00:00,1144,12.205318,5.018103,22.796642,31.491617,20.474966,7,5,1
2023-01-21 08:00:00,1867,10.928004,3.6813176,17.912298,25.622505,16.892197,8,5,1
2023-01-21 09:00:00,2995,10.493428,2.9812722,15.631495,23.063236,14.808704,9,5,1
2023-01-21 10:00:00,4097,10.826121,2.7276251,14.958314,22.117733,13.462642,10,5,1
2023-01-21 11:00:00,4866,11.817704,2.7361467,15.47947,22.809288,12.465293,11,5,1
2023-01-21 12:00:00,5859,12.544319,2.81766,16.097576,23.500698,11.921104,12,5,1
2023-01-21 13:00:00,6025,13.148957,2.7277443,16.19341,23.536007,11.077583,13,5,1
2023-01-21 14:00:00,6130,14.317319,3.242119,17.986427,25.704094,11.506748,14,5,1
2023-01-21 15:00:00,6254,14.223921,3.041727,17.470453,25.091911,11.012586,15,5,1
2023-01-21 16:00:00,6444,15.165943,3.025467,17.770927,25.369473,10.467311,16,5,1
2023-01-21 17:00:00,6471,15.054566,3.092666,17.746775,25.380695,10.62459,17,5,1
2023-01-21 18:00:00,6767,14.678269,2.9714305,17.203547,24.72134,10.617115,18,5,1
2023-01-21 19:00:00,6855,14.496717,2.8969743,17.2173,24.636831,10.673465,19,5,1
2023-01-21 20:00:00,5324,13.934473,3.0664217,17.381786,25.828768,11.741482,20,5,1
2023-01-21 21:00:00,5362,13.917354,3.2551155,17.879616,26.495842,12.423666,21,5,1
2023-01-21 22:00:00,6139,14.003047,3.2291105,17.82898,26.456144,12.456554,22,5,1
2023-01-21 23:00:00,6526,13.764251,3.2044544,17.54367,26.137388,12.826525,23,5,1
2023-01-22 00:00:00,5379,12.975066,2.9487805,16.396225,24.659761,13.025676,0,6,1
2023-01-22 01:00:00,4582,11.969296,2.775035,15.393706,23.436478,13.347101,1,6,1
2023-01-22 02:00:00,3510,11.5935755,2.9650455,15.829989,23.899595,14.384021,2,6,1
2023-01-22 03:00:00,2223,11.407632,3.087688,16.02573,24.039478,15.07431,3,6,1
2023-01-22 04:00:00,1151,12.387054,3.8241615,18.819635,27.271616,16.750994,4,6,1
2023-01-22 05:00:00,396,15.005766,6.488157,28.506819,39.40601,22.333925,5,6,1
2023-01-22 06:00:00,657,14.352258,6.847519,29.567429,39.32429,24.01645,6,6,1
2023-01-22 07:00:00,1063,12.497413,5.5232453,24.937582,33.794975,21.814104,7,6,1
2023-01-22 08:00:00,1451,11.103733,4.3200965,20.349869,28.754726,19.466702,8,6,1
2023-01-22 09:00:00,2442,10.619895,3.6706305,18.012392,25.83176,17.34545,9,6,1
2023-01-22 10:00:00,3720,11.030981,3.4807017,17.375221,25.293823,16.073736,10,6,1
2023-01-22 11:00:00,4224,11.178432,3.0333712,16.124975,23.731743,14.073996,11,6,1
2023-01-22 12:00:00,5024,12.652083,3.2883918,17.540844,25.49859,13.435169,12,6,1
2023-01-22 13:00:00,5372,13.777845,3.5359979,18.66943,27.025377,12.950983,13,6,1
2023-01-22 14:00:00,5747,15.158544,3.8121579,20.037111,28.760313,12.519878,14,6,1
2023-01-22 15:00:00,5412,15.600911,3.8864987,20.296803,28.931509,12.483223,15,6,1
2023-01-22 16:00:00,5762,15.887111,3.7855034,20.110723,28.757898,11.8855715,16,6,1
2023-01-22 17:00:00,5371,16.52384,3.8519979,20.231745,28.859629,11.624511,17,6,1
2023-01-22 18:00:00,5109,13.86727,3.2188509,17.552946,25.53867,11.699904,18,6,1
2023-01-22 19:00:00,4365,14.110756,3.84814,19.430653,27.906118,13.384068,19,6,1
2023-01-22 20:00:00,3474,13.650854,4.0944934,20.081402,29.56501,14.631205,20,6,1
2023-01-22 21:00:00,3383,14.396744,5.049474,23.25172,33.846,17.277477,21,6,1
2023-01-22 22:00:00,2582,14.570197,5.3479123,24.273064,35.098118,18.293886,22,6,1
2023-01-22 23:00:00,1714,16.08132,6.626406,28.701399,40.27063,20.911057,23,6,1
2023-01-23 00:00:00,1016,16.100443,6.9553246,29.993603,41.86434,22.285994,0,0,0
2023-01-23 01:00:00,547,17.136534,8.36393,35.072395,47.480988,24.458809,1,0,0
2023-01-23 02:00:00,207,12.985749,4.0703864,20.054491,28.310966,17.316034,2,0,0
2023-01-23 03:00:00,175,13.375524,4.7070856,21.65943,29.813314,18.835669,3,0,0
2023-01-23 04:00:00,215,15.484729,6.1529303,27.760279,37.41902,21.3435,4,0,0
2023-01-23 05:00:00,545,14.21474,5.266422,23.19077,32.622,18.551771,5,0,0
2023-01-23 06:00:00,1659,15.255667,4.548294,21.270422,29.532654,15.445544,6,0,0
2023-01-23 07:00:00,3278,14.477446,3.2546492,17.47091,24.972025,12.264145,7,0,0
2023-01-23 08:00:00,4407,15.105664,2.879224,16.99876,24.671604,10.038537,8,0,0
2023-01-23 09:00:00,4467,14.987135,2.9755428,17.43245,25.46443,10.208008,9,0,0
2023-01-23 10:00:00,4561,15.176316,2.9798486,17.557947,25.388845,9.975801,10,0,0
2023-01-23 11:00:00,4538,14.511503,2.8119283,16.800673,24.344435,9.893723,11,0,0
2023-01-23 12:00:00,4728,13.939422,2.8732042,16.742935,24.3947,10.449903,12,0,0
2023-01-23 13:00:00,5194,14.875521,3.3249922,18.008125,25.801682,10.850892,13,0,0
2023-01-23 14:00:00,5523,15.402003,3.2430508,18.327269,26.28961,10.36341,14,0,0
2023-01-23 15:00:00,5707,15.761688,3.2742157,18.53952,26.703451,10.25727,15,0,0
2023-01-23 16:00:00,5357,14.969448,3.48871,18.696318,29.629028,11.358523,16,0,0
2023-01-23 17:00:00,6160,14.584891,3.470909,18.497622,29.620056,11.694543,17,0,0
2023-01-23 18:00:00,6205,12.290416,2.9392152,16.071249,26.690207,12.112561,18,0,0
2023-01-23 19:00:00,5239,12.204451,3.4430425,17.69475,28.553188,14.0992,19,0,0
2023-01-23 20:00:00,4715,12.168533,3.616738,18.17471,27.343166,15.097289,20,0,0
2023-01-23 21:00:00,4293,12.4282675,3.7845142,18.707664,28.15586,15.520396,21,0,0
2023-01-23 22:00:00,3459,13.44975,4.4475627,21.021797,31.194918,16.812857,22,0,0
2023-01-23 23:00:00,1969,14.081868,5.0656123,23.319527,33.669537,18.29923,23,0,0
2023-01-24 00:00:00,1224,15.750925,6.4864707,28.225815,39.91,21.417273,0,1,0
2023-01-24 01:00:00,473,13.54697,5.022262,22.980549,32.30996,19.435486,1,1,0
2023-01-24 02:00:00,259,11.795817,3.4645946,17.393436,24.987644,17.174023,2,1,0
2023-01-24 03:00:00,157,12.498089,4.1836944,19.771338,28.30051,18.335812,3,1,0
2023-01-24 04:00:00,223,14.427204,5.9635425,26.946638,37.510536,21.483355,4,1,0
2023-01-24 05:00:00,512,14.459993,5.768594,25.606993,35.236385,20.339985,5,1,0
2023-01-24 06:00:00,1641,13.9014015,4.1783915,19.878597,27.49404,15.490024,6,1,0
2023-01-24 07:00:00,3554,13.334652,2.9266179,16.271948,23.655315,11.873993,7,1,0
2023-01-24 08:00:00,4649,14.532293,2.5231705,16.08574,23.49937,9.640862,8,1,0
2023-01-24 09:00:00,5003,15.620568,2.8195262,17.593304,25.572886,9.714722,9,1,0
2023-01-24 10:00:00,4838,16.069435,2.968642,18.215586,26.185484,9.69602,10,1,0
2023-01-24 11:00:00,4961,15.737466,2.8733199,17.839508,25.770166,9.634963,11,1,0
2023-01-24 12:00:00,5174,15.722941,3.0215597,18.206127,26.041283,9.802886,12,1,0
2023-01-24 13:00:00,5327,14.902163,2.8648226,17.12996,24.789295,9.952712,13,1,0
2023-01-24 14:00:00,5975,16.596363,3.41645,19.385296,27.712698,10.246573,14,1,0
2023-01-24 15:00:00,6399,15.972038,3.1317813,18.253555,26.237057,9.835699,15,1,0
2023-01-24 16:00:00,6542,15.732923,3.0723221,18.026812,28.690765,9.985489,16,1,0
2023-01-24 17:00:00,7113,15.205037,2.8623633,17.137165,27.80046,9.808487,17,1,0
2023-01-24 18:00:00,7500,13.795206,2.6484308,16.129654,26.563507,10.27796,18,1,0
2023-01-24 19:00:00,6569,12.678725,3.007913,16.519234,27.002438,12.206795,19,1,0
2023-01-24 20:00:00,6077,12.249589,3.155511,16.600992,25.518951,13.539687,20,1,0
2023-01-24 21:00:00,5975,11.980837,3.0684621,16.29621,25.051126,13.817021,21,1,0
2023-01-24 22:00:00,4940,12.559751,3.5256295,18.04326,26.90959,14.827067,22,1,0
2023-01-24 23:00:00,2714,12.534911,3.7396317,18.562965,27.759209,15.875033,23,1,0
2023-01-25 00:00:00,1444,12.959176,4.486717,21.02874,30.37484,17.755308,0,2,0
2023-01-25 01:00:00,603,11.266308,3.550166,17.560696,25.956202,17.015598,1,2,0
2023-01-25 02:00:00,327,10.252141,3.0602753,15.509174,22.980947,16.48021,2,2,0
2023-01-25 03:00:00,233,11.753004,3.9362233,19.259657,27.859442,17.663305,3,2,0
2023-01-25 04:00:00,216,15.182098,6.0843983,26.902315,37.655,20.688652,4,2,0
2023-01-25 05:00:00,541,14.310782,6.2599263,27.248798,37.80782,21.487734,5,2,0
2023-01-25 06:00:00,1710,13.690536,4.0070233,19.340025,27.28483,15.274112,6,2,0
2023-01-25 07:00:00,3517,14.092224,3.1325362,17.106369,24.758121,11.930485,7,2,0
2023-01-25 08:00:00,4761,14.988485,2.7050283,16.826921,24.447363,9.778449,8,2,0
2023-01-25 09:00:00,4935,15.144496,2.6689808,16.917284,24.611406,9.630324,9,2,0
2023-01-25 10:00:00,4773,15.426468,2.8583343,17.608181,25.446218,9.8136,10,2,0
2023-01-25 11:00:00,5006,14.771268,2.7405674,16.968807,24.619879,9.751319,11,2,0
2023-01-25 12:00:00,5385,14.744225,2.8243325,17.03116,24.717108,9.9234,12,2,0
2023-01-25 13:00:00,6512,15.587405,2.7719119,17.11075,24.807657,8.993315,13,2,0
2023-01-25 14:00:00,6354,16.54254,2.9868066,18.142117,26.176085,8.979035,14,2,0
2023-01-25 15:00:00,6203,16.013075,2.7437966,17.299355,25.007183,8.939361,15,2,0
2023-01-25 16:00:00,6377,16.042147,2.97552,17.81613,28.411493,9.346123,16,2,0
2023-01-25 17:00:00,7005,16.047134,2.901115,17.713531,28.4574,9.485106,17,2,0
2023-01-25 18:00:00,8122,13.558022,2.1948695,14.7737875,24.757893,9.091143,18,2,0
2023-01-25 19:00:00,7790,12.986851,2.5880642,15.450504,25.703325,10.413281,19,2,0
2023-01-25 20:00:00,6452,12.631749,2.7709317,15.7291975,24.311186,11.4687195,20,2,0
2023-01-25 21:00:00,5889,13.259045,3.2881558,17.43991,26.384083,12.776935,21,2,0
2023-01-25 22:00:00,4879,13.333955,3.4568336,17.912355,27.081572,13.583257,22,2,0
2023-01-25 23:00:00,2986,13.665801,4.295372,20.742968,30.227655,16.134035,23,2,0
2023-01-26 00:00:00,1776,13.995843,5.241605,23.678368,34.439873,19.267673,0,3,0
2023-01-26 01:00:00,900,14.484926,5.7998,25.561888,35.348057,20.347687,1,3,0
2023-01-26 02:00:00,421,13.543587,4.6637764,21.7057,30.360025,18.314594,2,3,0
2023-01-26 03:00:00,259,12.390091,4.155135,20.546524,29.400387,17.89234,3,3,0
2023-01-26 04:00:00,269,14.480111,5.897695,26.445724,36.938995,20.718838,4,3,0
2023-01-26 05:00:00,501,14.602695,5.998643,26.657166,37.8683,20.467024,5,3,0
2023-01-26 06:00:00,1707,13.806336,4.1548038,19.673824,27.676344,15.269902,6,3,0
2023-01-26 07:00:00,3587,14.715533,3.3381572,17.810595,25.603594,12.183132,7,3,0
2023-01-26 08:00:00,4700,14.520706,2.6783721,16.379086,23.95986,10.018371,8,3,0
2023-01-26 09:00:00,5056,14.718288,2.7023773,16.792267,24.556513,9.958787,9,3,0
2023-01-26 10:00:00,5019,16.17359,2.9877725,18.017235,25.942112,9.76816,10,3,0
2023-01-26 11:00:00,5261,15.343432,2.7692795,17.330736,25.218254,9.616556,11,3,0
2023-01-26 12:00:00,5653,16.032211,3.0776896,18.357649,26.441513,9.789909,12,3,0
2023-01-26 13:00:00,5969,16.091835,3.2163613,18.71164,26.9225,10.0325165,13,3,0
2023-01-26 14:00:00,6449,16.691187,3.2715693,19.084145,27.453068,9.879131,14,3,0
2023-01-26 15:00:00,6623,17.06229,3.2086623,18.954914,27.100452,9.418532,15,3,0
2023-01-26 16:00:00,6493,18.054749,3.4253426,19.862906,31.174936,9.592703,16,3,0
2023-01-26 17:00:00,7293,16.33719,2.9553158,17.803936,28.693144,9.399875,17,3,0
2023-01-26 18:00:00,8095,15.297417,2.731948,16.956738,27.51647,9.580293,18,3,0
2023-01-26 19:00:00,7364,13.7971325,2.9693048,16.980568,27.648233,11.25754,19,3,0
2023-01-26 20:00:00,6617,13.478454,3.2964153,17.631178,26.804823,12.786458,20,3,0
2023-01-26 21:00:00,6946,12.967974,3.2057977,17.155514,26.09087,13.164195,21,3,0
2023-01-26 22:00:00,6312,13.294008,3.41561,17.816223,26.854107,13.719372,22,3,0
2023-01-26 23:00:00,4663,13.564908,3.9891508,19.824306,29.11973,15.171481,23,3,0
2023-01-27 00:00:00,2718,12.002085,3.5048897,17.552282,26.190039,15.467797,0,4,0
2023-01-27 01:00:00,1561,11.228945,3.1305509,16.04952,24.1905,15.2382965,1,4,0
2023-01-27 02:00:00,852,10.794327,2.9642372,15.454237,23.249567,15.264093,2,4,0
2023-01-27 03:00:00,547,11.94156,3.7629619,18.72669,27.46521,16.89733,3,4,0
2023-01-27 04:00:00,413,13.501816,5.038474,23.882082,34.18654,19.303709,4,4,0
2023-01-27 05:00:00,534,14.938265,6.2888765,27.76163,38.819756,21.468472,5,4,0
2023-01-27 06:00:00,1371,15.089546,5.042509,23.223253,32.27618,16.821617,6,4,0
2023-01-27 07:00:00,3038,14.654619,3.6295128,18.663279,26.69304,12.844317,7,4,0
2023-01-27 08:00:00,3969,13.845201,2.8730361,16.737572,24.400505,10.885096,8,4,0
2023-01-27 09:00:00,4354,14.279559,3.1211574,17.697956,25.893988,11.200798,9,4,0
2023-01-27 10:00:00,4673,14.902034,3.117036,17.832388,25.840578,10.81356,10,4,0
2023-01-27 11:00:00,4904,14.929598,3.0075164,17.744923,25.718407,10.367287,11,4,0
2023-01-27 12:00:00,5353,15.221542,3.3291368,18.526415,26.85632,10.920237,12,4,0
2023-01-27 13:00:00,5599,14.969831,3.1808376,18.012823,25.964397,10.739522,13,4,0
2023-01-27 14:00:00,6448,16.91561,3.5818193,19.784447,28.36422,10.592275,14,4,0
2023-01-27 15:00:00,6397,17.112877,3.289192,19.078339,27.428701,9.843016,15,4,0
2023-01-27 16:00:00,6343,16.414204,3.343399,18.904213,29.831694,10.164262,16,4,0
2023-01-27 17:00:00,7353,15.636495,3.1140583,17.833565,28.613012,10.151499,17,4,0
2023-01-27 18:00:00,7387,14.018797,2.6552742,16.08661,26.459291,10.061862,18,4,0
2023-01-27 19:00:00,7147,14.393326,3.0426626,17.385727,28.032188,10.928304,19,4,0
2023-01-27 20:00:00,5810,13.67626,2.862563,16.63907,25.320837,11.356821,20,4,0
2023-01-27 21:00:00,5863,13.991492,3.0367389,17.218727,26.055286,11.912931,21,4,0
2023-01-27 22:00:00,6426,14.519022,3.1656802,17.757065,26.47023,11.828966,22,4,0
2023-01-27 23:00:00,5999,13.7429495,3.280755,17.573362,26.318644,12.742423,23,4,0
2023-01-28 00:00:00,5200,12.808965,2.9921498,16.363962,24.734314,12.841385,0,5,1
2023-01-28 01:00:00,4224,11.9987335,2.7594151,15.283404,23.38205,13.056497,1,5,1
2023-01-28 02:00:00,3240,11.506657,2.8128393,15.185027,23.108397,13.93752,2,5,1
2023-01-28 03:00:00,2001,11.401924,2.9366019,15.710494,23.645767,14.563464,3,5,1
2023-01-28 04:00:00,1023,11.992783,3.7233431,18.389345,26.743872,16.503845,4,5,1
2023-01-28 05:00:00,406,15.677628,6.195566,27.22463,37.26261,20.502985,5,5,1
2023-01-28 06:00:00,723,13.301038,5.8385887,25.816168,34.92809,21.35918,6,5,1
2023-01-28 07:00:00,1136,12.191329,4.7888556,22.248354,30.649693,19.015738,7,5,1
2023-01-28 08:00:00,1907,10.471946,3.3105032,16.605076,24.119644,16.256475,8,5,1
2023-01-28 09:00:00,3078,10.880578,3.0658479,16.052528,23.60101,14.634317,9,5,1
2023-01-28 10:00:00,4102,11.117674,2.7279887,15.117718,22.433775,13.156445,10,5,1
2023-01-28 11:00:00,4817,11.936109,2.7424538,15.441509,22.813812,12.150016,11,5,1
2023-01-28 12:00:00,5651,13.017566,2.8248434,16.1974,23.68648,11.423364,12,5,1
2023-01-28 13:00:00,6081,14.285047,2.94273,17.116404,24.783802,10.9810705,13,5,1
2023-01-28 14:00:00,6044,14.867185,3.0943332,17.826345,25.490639,10.811862,14,5,1
2023-01-28 15:00:00,6270,15.319291,2.9753797,17.769186,25.435297,10.251151,15,5,1
2023-01-28 16:00:00,6536,16.250605,3.1037729,18.411777,26.043701,9.988306,16,5,1
2023-01-28 17:00:00,6441,16.138918,2.990596,17.991026,25.619724,9.820624,17,5,1
2023-01-28 18:00:00,6504,15.07662,2.6975615,16.7691,24.116318,9.828465,18,5,1
2023-01-28 19:00:00,6468,15.5209875,2.8591928,17.589859,25.13448,10.03852,19,5,1
2023-01-28 20:00:00,5562,15.330106,3.0196369,17.93817,26.430996,10.791995,20,5,1
2023-01-28 21:00:00,5625,14.682719,3.1134684,17.880747,26.543905,11.496269,21,5,1
2023-01-28 22:00:00,6072,14.792444,3.0704958,17.698782,26.371372,11.511469,22,5,1
2023-01-28 23:00:00,5883,14.396286,3.1172245,17.509281,26.03558,11.911778,23,5,1
2023-01-29 00:00:00,5092,13.149224,2.9584112,16.472742,24.775108,12.633013,0,6,1
2023-01-29 01:00:00,4489,12.186805,2.7830074,15.390733,23.502054,13.034873,1,6,1
2023-01-29 02:00:00,3631,11.800817,2.8379564,15.510696,23.527924,13.735873,2,6,1
2023-01-29 03:00:00,2260,11.349049,2.9942787,15.756189,23.697004,14.867699,3,6,1
2023-01-29 04:00:00,1179,12.456644,3.9353266,19.399143,27.70659,16.972239,4,6,1
2023-01-29 05:00:00,464,14.476042,6.105409,27.372631,37.568855,21.983112,5,6,1
2023-01-29 06:00:00,641,13.755954,6.474649,28.444273,38.10476,23.276306,6,6,1
2023-01-29 07:00:00,961,11.868453,5.3469825,24.22999,33.311134,22.069836,7,6,1
2023-01-29 08:00:00,1527,11.033878,4.2335563,19.902815,28.348946,19.124933,8,6,1
2023-01-29 09:00:00,2481,10.642114,3.629222,17.678032,25.737158,16.873814,9,6,1
2023-01-29 10:00:00,3715,11.19774,3.487421,17.435167,25.511097,15.619569,10,6,1
2023-01-29 11:00:00,4419,11.402429,2.9276578,15.928248,23.548832,13.421418,11,6,1
2023-01-29 12:00:00,5132,13.253023,3.551062,18.64431,26.942978,13.576721,12,6,1
2023-01-29 13:00:00,5293,13.900148,3.3691347,18.25002,26.3788,12.474533,13,6,1
2023-01-29 14:00:00,5765,15.693607,3.842451,20.361128,29.149569,12.267319,14,6,1
2023-01-29 15:00:00,5369,15.306082,3.7577517,19.790655,28.233385,12.359818,15,6,1
2023-01-29 16:00:00,5316,16.285227,4.193008,21.420937,30.345243,12.629852,16,6,1
2023-01-29 17:00:00,4958,16.069267,4.0712466,21.041357,29.797234,12.65061,17,6,1
2023-01-29 18:00:00,4643,14.03609,3.4132478,18.286871,26.410547,12.578334,18,6,1
2023-01-29 19:00:00,3849,13.854928,4.029553,19.941273,28.547907,14.451161,19,6,1
2023-01-29 20:00:00,3442,13.139749,4.041888,19.841516,29.345263,15.472419,20,6,1
2023-01-29 21:00:00,3314,14.03544,4.829813,22.540691,32.999092,17.186466,21,6,1
2023-01-29 22:00:00,3065,14.03615,5.127041,23.496704,33.539467,18.32628,22,6,1
2023-01-29 23:00:00,1709,14.27956,5.732621,25.419485,36.279144,20.438122,23,6,1
2023-01-30 00:00:00,1006,14.258168,6.000517,26.356262,36.887356,21.438467,0,0,0
2023-01-30 01:00:00,471,12.140977,4.291932,20.319744,28.862486,18.52885,1,0,0
2023-01-30 02:00:00,255,12.114118,3.6881568,18.544313,25.80196,17.361263,2,0,0
2023-01-30 03:00:00,175,13.232382,4.948914,23.001715,31.844345,18.869009,3,0,0
2023-01-30 04:00:00,210,13.479524,5.211047,23.888096,33.660667,20.438528,4,0,0
2023-01-30 05:00:00,537,14.474177,5.680503,25.52756,35.401714,20.330126,5,0,0
2023-01-30 06:00:00,1640,15.428109,4.931049,22.733524,31.256817,16.168486,6,0,0
2023-01-30 07:00:00,3157,15.391173,3.6658032,18.920303,26.913912,12.784949,7,0,0
2023-01-30 08:00:00,4132,14.578795,2.956474,17.027033,24.648846,10.625321,8,0,0
2023-01-30 09:00:00,4235,15.084219,3.2172892,18.33202,26.558289,10.917664,9,0,0
2023-01-30 10:00:00,4073,15.036693,3.1850798,18.16985,26.204914,10.962391,10,0,0
2023-01-30 11:00:00,3978,14.279571,3.0302336,17.357843,25.264742,10.937669,11,0,0
2023-01-30 12:00:00,4639,14.634315,3.28687,18.112047,26.212786,11.347287,12,0,0
2023-01-30 13:00:00,4797,15.037673,3.5317326,18.966,27.105425,11.512767,13,0,0
2023-01-30 14:00:00,5167,16.445707,3.7556224,20.067574,28.613605,11.266039,14,0,0
2023-01-30 15:00:00,5366,16.230433,3.3518844,19.08196,27.232582,10.529024,15,0,0
2023-01-30 16:00:00,5037,15.616459,3.4657533,19.160675,30.222448,11.208917,16,0,0
2023-01-30 17:00:00,5754,16.09273,3.5452294,19.24603,30.375017,11.113835,17,0,0
2023-01-30 18:00:00,5789,13.1860075,2.9187512,16.382608,26.892765,11.584419,18,0,0
2023-01-30 19:00:00,4975,12.6388235,3.471958,17.831018,28.658379,13.722778,19,0,0
2023-01-30 20:00:00,4329,12.649257,3.6697366,18.322453,27.664429,14.731057,20,0,0
2023-01-30 21:00:00,3911,12.435848,3.7724264,18.544153,27.973509,15.684642,21,0,0
2023-01-30 22:00:00,2989,13.258571,4.37812,20.56617,30.196623,16.828854,22,0,0
2023-01-30 23:00:00,1922,13.665305,4.8536887,22.56537,32.38425,18.361448,23,0,0
2023-01-31 00:00:00,987,13.968592,5.343171,24.15988,33.985016,19.742544,0,1,0
2023-01-31 01:00:00,443,12.74477,4.6032505,20.988262,29.62334,18.960009,1,1,0
2023-01-31 02:00:00,301,12.391085,4.5766115,21.286312,30.514284,19.013906,2,1,0
2023-01-31 03:00:00,135,12.918272,4.833185,22.663483,32.161182,19.688015,3,1,0
2023-01-31 04:00:00,219,13.748706,5.747306,26.134703,36.559727,22.041096,4,1,0
2023-01-31 05:00:00,581,14.596702,5.572754,24.283976,33.657883,18.986797,5,1,0
2023-01-31 06:00:00,1774,14.133437,3.813602,18.678417,26.166985,14.073865,6,1,0
2023-01-31 07:00:00,3841,13.818975,2.7150533,15.723216,23.011656,10.879539,7,1,0
2023-01-31 08:00:00,5003,15.6498165,2.5932581,16.561634,24.072088,9.123712,8,1,0
2023-01-31 09:00:00,4924,15.648322,2.7418377,17.183815,24.928846,9.405172,9,1,0
2023-01-31 10:00:00,4671,15.984775,2.8034768,17.610693,25.35666,9.396838,10,1,0
2023-01-31 11:00:00,4703,16.569923,2.6778398,17.900026,25.64825,8.930626,11,1,0
2023-01-31 12:00:00,5047,16.771675,2.7738736,18.221893,26.089022,8.888676,12,1,0
2023-01-31 13:00:00,5104,18.798132,3.0983307,20.057583,28.185366,8.772359,13,1,0
2023-01-31 14:00:00,5507,19.084753,3.184017,20.25373,28.498337,8.837011,14,1,0
2023-01-31 15:00:00,5683,19.684933,3.036801,20.307144,28.49904,8.260197,15,1,0
2023-01-31 16:00:00,5777,17.337929,3.0767024,18.98719,29.920776,9.126533,16,1,0
2023-01-31 17:00:00,6585,15.747224,2.879192,17.590996,28.152508,9.503912,17,1,0
2023-01-31 18:00:00,7248,13.818394,2.6646233,16.054237,26.422752,10.168972,18,1,0
2023-01-31 19:00:00,6290,12.494492,2.8414068,15.91485,26.271452,11.982015,19,1,0
2023-01-31 20:00:00,5884,12.174292,3.2460759,16.91681,25.8244,13.765794,20,1,0
2023-01-31 21:00:00,5896,12.333461,3.3225915,17.21204,26.114492,14.1936455,21,1,0
2023-01-31 22:00:00,4873,12.818284,3.5582764,18.083344,27.172016,14.638285,22,1,0
2023-01-31 23:00:00,2892,13.720758,4.324651,20.636272,30.237736,16.337152,23,1,0
